,Consumer Price Index (CPI),Producer Price Index (PPI),Unemployment Rate,Nonfarm Payroll Employment,Industrial Production Index,Retail Sales,Housing Starts,Building Permits,Personal Income,Personal Consumption Expenditures (PCE),Capacity Utilization,Durable Goods Orders,Construction Spending,Trade Balance,Vehicle Sales,ISM Manufacturing Index,Money Supply (M1),Money Supply (M2)
1999-01-01,164.7,122.9,4.3,127704.0,87.2277,246868.0,1748.0,1732.0,7813.1,6073.9,81.9774,186527.0,708818.0,-15876.0,16.593,17427.0,1098.1,4402.6
1999-02-01,164.7,122.3,4.4,128118.0,87.7266,249520.0,1670.0,1720.0,7840.9,6099.2,82.0973,185546.0,726308.0,-18468.0,17.097,17395.0,1096.7,4425.3
1999-03-01,164.8,122.6,4.2,128233.0,87.9203,250667.0,1710.0,1665.0,7855.9,6133.0,81.9427,184689.0,737226.0,-17719.0,16.832,17368.0,1096.6,4432.1
1999-04-01,165.9,123.6,4.3,128595.0,88.1153,252477.0,1553.0,1600.0,7871.1,6199.5,81.8019,182993.0,728788.0,-17946.0,16.929,17344.0,1101.6,4460.7
1999-05-01,166.0,124.7,4.2,128810.0,88.6554,254735.0,1611.0,1640.0,7894.2,6232.1,81.9895,185963.0,727358.0,-20046.0,17.564,17333.0,1103.8,4485.3
1999-06-01,166.0,125.2,4.3,129088.0,88.5958,255449.0,1559.0,1702.0,7925.1,6260.3,81.6291,182590.0,739167.0,-22892.0,17.346,17295.0,1099.8,4507.2
1999-07-01,166.7,125.7,4.3,129423.0,89.1235,257456.0,1669.0,1682.0,7965.8,6287.6,81.8177,189083.0,745815.0,-23100.0,17.688,17308.0,1099.1,4534.5
1999-08-01,167.1,126.9,4.2,129569.0,89.5116,260230.0,1648.0,1671.0,8016.9,6331.9,81.8764,189414.0,741524.0,-22626.0,17.641,17287.0,1099.2,4551.7
1999-09-01,167.8,128.0,4.2,129781.0,89.1361,261317.0,1635.0,1551.0,8041.2,6386.5,81.2413,188910.0,751402.0,-22699.0,17.662,17281.0,1096.5,4567.7
1999-10-01,168.1,127.7,4.1,130179.0,90.2842,261818.0,1608.0,1649.0,8102.4,6411.4,81.9959,194547.0,759906.0,-23372.0,17.684,17272.0,1103.3,4591.5
1999-11-01,168.4,128.3,4.1,130467.0,90.7631,264965.0,1648.0,1672.0,8165.3,6448.7,82.1417,186597.0,781199.0,-25126.0,17.62,17282.0,1110.7,4610.5
1999-12-01,168.8,127.8,4.0,130781.0,91.4926,269863.0,1708.0,1683.0,8251.2,6541.0,82.5152,196344.0,789431.0,-25939.0,18.322,17280.0,1122.2,4638.0
2000-01-01,169.3,128.3,4.0,131009.0,91.4251,268044.0,1636.0,1727.0,8348.0,6542.9,82.1714,201360.0,784940.0,-27131.0,18.635,17284.0,1122.1,4666.2
2000-02-01,170.0,129.8,4.1,131120.0,91.7357,272020.0,1737.0,1692.0,8408.8,6625.3,82.1694,183911.0,793737.0,-29794.0,19.401,17285.0,1108.6,4679.4
2000-03-01,171.0,130.8,4.0,131604.0,92.0933,275192.0,1604.0,1651.0,8468.3,6686.5,82.2095,192130.0,809459.0,-30557.0,18.343,17302.0,1107.5,4710.2
2000-04-01,170.9,130.7,3.8,131883.0,92.6838,271046.0,1626.0,1597.0,8506.8,6679.1,82.4575,195044.0,804766.0,-28598.0,17.939,17298.0,1115.6,4766.1
2000-05-01,171.2,131.6,4.0,132106.0,92.9376,271394.0,1575.0,1543.0,8544.5,6709.7,82.4056,188606.0,805005.0,-29165.0,17.943,17279.0,1104.9,4753.9
2000-06-01,172.2,133.8,4.0,132060.0,93.0076,273422.0,1559.0,1572.0,8597.8,6746.9,82.192,219745.0,795411.0,-30405.0,17.596,17296.0,1102.6,4771.8
2000-07-01,172.7,133.7,4.0,132228.0,92.8458,272630.0,1463.0,1542.0,8665.3,6768.5,81.7778,189265.0,783795.0,-31252.0,17.316,17322.0,1103.5,4789.4
2000-08-01,172.7,132.9,4.1,132231.0,92.5972,272918.0,1541.0,1552.0,8712.2,6802.8,81.2898,188730.0,805341.0,-29931.0,17.531,17287.0,1100.2,4817.5
2000-09-01,173.6,134.7,3.9,132357.0,92.9653,277548.0,1507.0,1570.0,8757.7,6888.6,81.3435,199947.0,814330.0,-33333.0,18.654,17230.0,1099.7,4853.2
2000-10-01,173.9,135.4,3.9,132352.0,92.6418,276927.0,1549.0,1577.0,8792.1,6893.8,80.7922,186158.0,816100.0,-33378.0,17.514,17217.0,1098.7,4869.2
2000-11-01,174.2,135.0,3.9,132553.0,92.6618,276029.0,1551.0,1614.0,8809.9,6909.8,80.541,189392.0,820054.0,-32723.0,16.634,17202.0,1092.4,4880.3
2000-12-01,174.6,136.2,3.9,132718.0,92.3459,275791.0,1532.0,1543.0,8844.0,6952.2,80.0006,188659.0,811516.0,-33420.0,16.222,17181.0,1088.6,4925.0
2001-01-01,175.6,140.0,4.2,132699.0,91.8903,278834.0,1600.0,1699.0,8940.9,6987.4,79.3437,177056.0,814479.0,-35202.0,17.652,17104.0,1096.7,4975.7
2001-02-01,176.0,137.4,4.2,132786.0,91.2915,278773.0,1625.0,1656.0,8975.8,7001.8,78.571,180276.0,813647.0,-29301.0,17.826,17028.0,1101.2,5014.1
2001-03-01,176.1,135.9,4.3,132751.0,91.0526,276450.0,1590.0,1659.0,9009.4,6996.7,78.1158,182209.0,828057.0,-32812.0,17.248,16938.0,1108.9,5072.0
2001-04-01,176.4,136.4,4.4,132455.0,90.7293,280808.0,1649.0,1666.0,9008.9,7004.2,77.5972,171850.0,842392.0,-30521.0,16.872,16802.0,1116.7,5135.9
2001-05-01,177.3,136.8,4.3,132411.0,90.2577,281496.0,1605.0,1665.0,9011.1,7052.8,76.9635,177749.0,848146.0,-27095.0,16.876,16661.0,1118.5,5133.0
2001-06-01,177.7,135.5,4.5,132296.0,89.7677,280401.0,1636.0,1626.0,9017.1,7069.7,76.3285,176350.0,855730.0,-29151.0,17.464,16515.0,1126.2,5173.5
2001-07-01,177.4,133.4,4.6,132173.0,89.226,279504.0,1670.0,1598.0,9014.6,7082.3,75.666,170129.0,850471.0,-29902.0,16.463,16382.0,1138.9,5203.4
2001-08-01,177.4,133.4,4.9,132024.0,89.1326,281413.0,1567.0,1615.0,9001.4,7121.7,75.3958,170484.0,847465.0,-28094.0,16.348,16232.0,1150.2,5237.2
2001-09-01,178.1,133.3,5.0,131765.0,88.6679,276084.0,1562.0,1565.0,8975.3,7007.0,74.8236,164123.0,837412.0,-30217.0,16.365,16117.0,1205.7,5348.4
2001-10-01,177.6,130.3,5.3,131452.0,88.3926,294540.0,1540.0,1566.0,8987.3,7212.9,74.4246,171530.0,845941.0,-30588.0,22.055,15972.0,1165.7,5337.1
2001-11-01,177.5,129.8,5.5,131141.0,87.8774,287111.0,1602.0,1651.0,8985.1,7182.3,73.8377,163811.0,843911.0,-30003.0,18.031,15825.0,1171.0,5380.8
2001-12-01,177.4,128.1,5.7,130984.0,87.8344,283705.0,1568.0,1680.0,8990.7,7166.7,73.6627,165304.0,849689.0,-27488.0,16.465,15711.0,1183.2,5433.8
2002-01-01,177.7,128.5,5.7,130853.0,88.4665,283508.0,1698.0,1665.0,9015.6,7184.6,74.0676,163324.0,858654.0,-29678.0,16.523,15587.0,1190.7,5454.1
2002-02-01,178.0,128.4,5.7,130732.0,88.4661,285054.0,1829.0,1787.0,9031.9,7225.2,73.9589,172406.0,862338.0,-32501.0,17.304,15515.0,1190.6,5483.4
2002-03-01,178.5,129.8,5.7,130720.0,89.1228,284262.0,1642.0,1691.0,9050.7,7243.4,74.4162,167853.0,844551.0,-31161.0,17.107,15443.0,1193.3,5495.2
2002-04-01,179.3,130.8,5.9,130616.0,89.5532,288833.0,1592.0,1669.0,9099.9,7312.5,74.7011,171852.0,858240.0,-33965.0,17.668,15392.0,1186.9,5495.4
2002-05-01,179.5,130.8,5.8,130632.0,89.934,284951.0,1764.0,1716.0,9131.0,7288.9,74.9611,171854.0,850935.0,-34026.0,16.197,15337.0,1189.3,5521.5
2002-06-01,179.6,130.9,5.8,130682.0,90.6769,287372.0,1717.0,1758.0,9164.8,7322.5,75.5385,166070.0,846777.0,-34732.0,16.953,15298.0,1193.3,5546.5
2002-07-01,180.0,131.2,5.8,130585.0,90.6455,290385.0,1655.0,1738.0,9157.5,7387.3,75.4869,174282.0,847129.0,-33913.0,18.147,15256.0,1199.1,5589.1
2002-08-01,180.5,131.5,5.7,130587.0,90.5475,292650.0,1633.0,1695.0,9175.3,7412.6,75.3938,177126.0,839008.0,-36385.0,18.449,15171.0,1187.1,5631.6
2002-09-01,180.8,132.3,5.7,130498.0,90.6381,288410.0,1804.0,1803.0,9197.1,7391.5,75.4687,166838.0,832134.0,-36088.0,16.665,15119.0,1196.1,5656.0
2002-10-01,181.2,133.2,5.7,130621.0,90.4041,289576.0,1648.0,1799.0,9229.6,7435.2,75.2824,169134.0,839690.0,-35095.0,16.259,15060.0,1204.0,5700.4
2002-11-01,181.5,133.1,5.9,130617.0,90.8985,291484.0,1753.0,1771.0,9258.8,7463.8,75.7125,170023.0,844697.0,-39515.0,16.52,14992.0,1209.6,5750.6
2002-12-01,181.8,132.9,6.0,130469.0,90.389,293947.0,1788.0,1896.0,9288.3,7519.9,75.3132,163962.0,855921.0,-43607.0,17.866,14912.0,1220.2,5772.0
2003-01-01,182.6,135.3,5.8,130580.0,91.1355,295248.0,1853.0,1808.0,9290.1,7541.3,75.9649,169994.0,863855.0,-41156.0,16.708,14866.0,1227.3,5804.6
2003-02-01,183.6,137.6,5.9,130443.0,91.2502,291167.0,1629.0,1854.0,9296.2,7548.6,76.0853,174113.0,859225.0,-40082.0,16.114,14781.0,1238.2,5840.7
2003-03-01,183.9,141.2,5.9,130232.0,91.0059,296325.0,1726.0,1757.0,9333.8,7611.5,75.9063,172245.0,851132.0,-43806.0,16.467,14721.0,1239.3,5861.4
2003-04-01,183.2,136.8,6.0,130176.0,90.4281,295600.0,1643.0,1803.0,9356.4,7634.5,75.4518,169347.0,859459.0,-42037.0,16.751,14609.0,1250.0,5898.8
2003-05-01,182.9,136.7,6.1,130196.0,90.4073,296410.0,1751.0,1835.0,9414.4,7650.3,75.4618,171542.0,866814.0,-41045.0,16.47,14557.0,1268.8,5959.3
2003-06-01,183.1,138.0,6.3,130192.0,90.5218,299626.0,1867.0,1875.0,9455.3,7699.6,75.5816,173507.0,880865.0,-39696.0,17.013,14493.0,1281.0,5996.0
2003-07-01,183.7,137.7,6.2,130184.0,90.9896,302747.0,1897.0,1885.0,9491.6,7757.0,75.9888,173320.0,891264.0,-41321.0,17.117,14402.0,1287.5,6042.7
2003-08-01,184.5,138.0,6.1,130153.0,90.7858,307809.0,1833.0,1966.0,9538.8,7852.1,75.8306,173044.0,901839.0,-39892.0,18.262,14376.0,1296.4,6100.8
2003-09-01,185.1,138.5,6.1,130252.0,91.3829,305933.0,1939.0,1961.0,9582.5,7853.7,76.3383,178690.0,911589.0,-41842.0,17.286,14347.0,1297.2,6072.8
2003-10-01,184.9,139.3,6.0,130439.0,91.5005,304809.0,1967.0,2012.0,9620.4,7867.4,76.4457,183704.0,925732.0,-41388.0,16.489,14334.0,1297.8,6063.6
2003-11-01,185.0,138.9,5.8,130482.0,92.1265,308527.0,2083.0,1918.0,9688.2,7922.6,76.9771,181685.0,925985.0,-39898.0,17.563,14316.0,1299.1,6069.1
2003-12-01,185.5,139.5,5.7,130594.0,92.1722,307407.0,2057.0,1987.0,9713.2,7950.4,77.0234,181513.0,948491.0,-44080.0,17.357,14300.0,1306.2,6067.3
2004-01-01,186.3,141.4,5.7,130766.0,92.327,309254.0,1911.0,1952.0,9731.8,8007.1,77.1612,178696.0,938525.0,-44645.0,16.695,14290.0,1306.0,6075.5
2004-02-01,186.7,142.1,5.6,130822.0,92.8873,311393.0,1846.0,1966.0,9765.4,8040.4,77.6396,181662.0,937813.0,-44552.0,17.032,14279.0,1321.4,6114.3
2004-03-01,187.1,143.1,5.8,131139.0,92.5325,316912.0,1998.0,2066.0,9815.8,8098.8,77.3544,190869.0,961159.0,-46754.0,17.247,14287.0,1328.7,6150.1
2004-04-01,187.4,144.8,5.6,131409.0,92.9096,313512.0,2003.0,2070.0,9865.8,8107.2,77.6821,184368.0,967602.0,-47283.0,16.898,14315.0,1332.8,6191.2
2004-05-01,188.2,146.8,5.6,131693.0,93.5838,318964.0,1981.0,2150.0,9950.0,8176.5,78.257,183459.0,974381.0,-47553.0,18.186,14342.0,1333.3,6268.1
2004-06-01,188.9,147.2,5.6,131789.0,92.8621,314958.0,1828.0,2020.0,9988.4,8157.6,77.662,185640.0,983087.0,-54169.0,16.173,14332.0,1342.7,6270.5
2004-07-01,189.1,147.4,5.5,131850.0,93.5511,318549.0,2002.0,2112.0,10033.0,8236.9,78.2429,186835.0,1006184.0,-51606.0,17.309,14330.0,1340.8,6284.3
2004-08-01,189.2,148.0,5.4,131936.0,93.6328,318977.0,2024.0,2056.0,10078.2,8271.6,78.3106,183728.0,1013616.0,-53647.0,17.157,14345.0,1354.3,6310.6
2004-09-01,189.8,147.7,5.4,132083.0,93.7418,324569.0,1905.0,2041.0,10110.5,8341.5,78.3927,188444.0,1012080.0,-51686.0,17.875,14331.0,1362.5,6345.3
2004-10-01,190.8,150.0,5.5,132435.0,94.5671,326740.0,2072.0,2097.0,10159.3,8397.1,79.0638,185187.0,1015719.0,-55058.0,17.514,14332.0,1362.3,6373.3
2004-11-01,191.7,151.4,5.4,132509.0,94.8,327836.0,1782.0,2079.0,10171.5,8444.5,79.2285,192545.0,1022994.0,-58967.0,17.362,14307.0,1374.2,6399.8
2004-12-01,191.7,150.2,5.4,132633.0,95.5426,331874.0,2042.0,2082.0,10520.8,8504.4,79.8082,193578.0,1037480.0,-54918.0,18.102,14287.0,1376.0,6418.3
2005-01-01,191.6,150.9,5.3,132779.0,95.8831,328696.0,2144.0,2139.0,10247.0,8497.7,80.0413,194875.0,1046082.0,-56189.0,16.889,14257.0,1367.1,6424.5
2005-02-01,192.4,151.6,5.4,133033.0,96.5616,333026.0,2207.0,2114.0,10282.7,8559.1,80.5413,196475.0,1066848.0,-58094.0,16.886,14273.0,1371.1,6432.8
2005-03-01,193.1,153.7,5.2,133154.0,96.4371,333581.0,1864.0,2062.0,10347.9,8598.4,80.3601,186608.0,1071745.0,-53134.0,17.413,14269.0,1370.9,6441.9
2005-04-01,193.7,155.0,5.2,133515.0,96.628,336583.0,2061.0,2150.0,10412.1,8678.4,80.4339,194847.0,1081012.0,-57312.0,17.756,14250.0,1358.4,6455.9
2005-05-01,193.6,154.3,5.1,133687.0,96.7306,334522.0,2025.0,2085.0,10464.1,8671.6,80.425,206623.0,1093341.0,-56040.0,17.414,14256.0,1366.0,6473.3
2005-06-01,193.7,154.3,5.0,133939.0,97.1488,343998.0,2068.0,2178.0,10498.0,8753.4,80.6702,210020.0,1105896.0,-58152.0,18.482,14227.0,1380.1,6505.8
2005-07-01,194.9,156.3,5.0,134297.0,96.8383,346576.0,2054.0,2203.0,10558.3,8853.8,80.305,194475.0,1119101.0,-58301.0,21.135,14226.0,1369.0,6537.4
2005-08-01,196.1,157.6,4.9,134495.0,97.1603,343307.0,2095.0,2219.0,10619.6,8850.1,80.4617,204839.0,1129163.0,-58745.0,17.418,14203.0,1377.8,6570.2
2005-09-01,198.8,162.2,5.0,134552.0,95.2729,343956.0,2151.0,2263.0,10687.7,8900.4,78.7883,203997.0,1148438.0,-64882.0,16.927,14175.0,1378.6,6604.3
2005-10-01,199.1,166.2,5.0,134646.0,96.4383,344097.0,2065.0,2170.0,10767.3,8938.5,79.6396,209901.0,1160831.0,-67265.0,15.336,14192.0,1376.5,6638.6
2005-11-01,198.1,163.7,5.0,135001.0,97.4951,347325.0,2147.0,2218.0,10815.4,8946.2,80.398,220733.0,1172090.0,-63859.0,16.524,14187.0,1376.1,6655.0
2005-12-01,198.1,163.0,4.9,135160.0,97.9788,347405.0,1994.0,2120.0,10853.1,8981.1,80.6819,221499.0,1184677.0,-64568.0,17.174,14193.0,1374.3,6681.9
2006-01-01,199.3,164.3,4.7,135425.0,98.1305,357331.0,2273.0,2212.0,11038.6,9071.6,80.6908,209540.0,1195642.0,-66967.0,18.081,14210.0,1379.5,6724.3
2006-02-01,199.4,161.8,4.8,135732.0,98.1779,354706.0,2119.0,2141.0,11102.6,9096.0,80.6125,219738.0,1205639.0,-62308.0,17.071,14209.0,1378.4,6748.6
2006-03-01,199.7,162.2,4.7,136041.0,98.3898,355665.0,1969.0,2118.0,11171.8,9132.9,80.6663,227188.0,1205169.0,-62397.0,16.96,14214.0,1383.2,6762.9
2006-04-01,200.7,164.3,4.7,136210.0,98.6769,357423.0,1821.0,1998.0,11229.5,9191.6,80.7769,214625.0,1193296.0,-62603.0,17.127,14226.0,1381.4,6800.1
2006-05-01,201.3,165.8,4.6,136247.0,98.7052,356704.0,1942.0,1905.0,11251.1,9231.8,80.6674,215819.0,1180581.0,-64818.0,16.729,14203.0,1387.2,6806.9
2006-06-01,201.8,166.1,4.6,136328.0,99.0427,357879.0,1802.0,1867.0,11292.8,9259.6,80.8002,221220.0,1172128.0,-63800.0,16.9,14213.0,1375.4,6844.9
2006-07-01,202.9,166.8,4.7,136522.0,98.9804,359006.0,1737.0,1763.0,11322.1,9343.8,80.5962,209494.0,1157926.0,-66909.0,17.662,14188.0,1372.4,6886.3
2006-08-01,203.8,167.9,4.7,136688.0,99.4106,360691.0,1650.0,1722.0,11346.8,9342.2,80.781,210473.0,1145907.0,-68277.0,16.458,14159.0,1372.4,6917.1
2006-09-01,202.8,165.4,4.5,136825.0,99.2207,358961.0,1720.0,1655.0,11383.9,9375.4,80.4523,234701.0,1135753.0,-65095.0,16.974,14125.0,1364.4,6944.2
2006-10-01,201.9,162.2,4.4,136849.0,99.1253,358462.0,1491.0,1570.0,11417.8,9393.6,80.1929,216952.0,1122914.0,-59538.0,16.865,14075.0,1370.3,6993.3
2006-11-01,202.0,164.6,4.5,137068.0,99.0969,359266.0,1570.0,1535.0,11479.3,9400.2,79.9831,224809.0,1121749.0,-58939.0,16.657,14041.0,1370.8,7028.4
2006-12-01,203.1,165.6,4.4,137251.0,100.1122,363730.0,1649.0,1638.0,11587.6,9488.3,80.6125,229243.0,1135406.0,-61882.0,17.107,14015.0,1366.6,7071.6
2007-01-01,203.437,164.0,4.6,137475.0,99.7571,363616.0,1409.0,1626.0,11647.1,9538.7,80.1385,222969.0,1137917.0,-58014.0,16.896,14008.0,1371.7,7109.6
2007-02-01,204.226,166.8,4.5,137556.0,100.7275,364006.0,1480.0,1598.0,11734.2,9566.0,80.7326,220962.0,1139032.0,-58479.0,17.169,13997.0,1363.0,7125.3
2007-03-01,205.288,169.3,4.4,137782.0,100.9023,367158.0,1495.0,1596.0,11821.4,9611.7,80.6935,229526.0,1146624.0,-62183.0,16.438,13970.0,1366.5,7159.1
2007-04-01,205.904,171.4,4.5,137842.0,101.5874,366187.0,1490.0,1470.0,11868.1,9643.6,81.073,233420.0,1150590.0,-60494.0,16.615,13945.0,1378.0,7231.3
2007-05-01,206.755,173.3,4.4,137993.0,101.6299,370934.0,1415.0,1493.0,11908.7,9685.8,80.955,228836.0,1161581.0,-59572.0,16.661,13929.0,1380.9,7245.4
2007-06-01,207.234,173.8,4.6,138072.0,101.6482,368154.0,1448.0,1407.0,11929.2,9706.8,80.8393,228868.0,1163511.0,-59997.0,16.179,13911.0,1368.2,7278.6
2007-07-01,207.603,175.1,4.7,138042.0,101.4925,369614.0,1354.0,1361.0,11955.7,9751.1,80.6142,233176.0,1155448.0,-60246.0,15.837,13889.0,1371.8,7309.0
2007-08-01,207.667,172.4,4.6,138017.0,101.6874,371358.0,1330.0,1321.0,11963.1,9798.9,80.6999,235758.0,1159077.0,-57214.0,16.379,13828.0,1376.3,7385.1
2007-09-01,208.547,173.5,4.7,138103.0,101.9398,372869.0,1183.0,1261.0,12025.5,9845.1,80.8586,226473.0,1158580.0,-58158.0,16.532,13790.0,1375.7,7403.2
2007-10-01,209.19,174.7,4.7,138175.0,101.6345,375289.0,1264.0,1192.0,12046.8,9882.7,80.6013,230700.0,1152491.0,-57666.0,16.455,13764.0,1379.4,7417.2
2007-11-01,210.834,179.0,4.7,138291.0,102.2068,378860.0,1197.0,1224.0,12102.8,9955.9,81.0633,227005.0,1132908.0,-60682.0,16.354,13757.0,1371.8,7441.8
2007-12-01,211.445,178.6,5.0,138396.0,102.2604,374298.0,1037.0,1149.0,12182.7,9972.8,81.1334,244443.0,1115141.0,-58290.0,16.03,13746.0,1373.4,7471.6
2008-01-01,212.174,181.0,5.0,138397.0,102.14,375236.0,1084.0,1094.0,12227.8,9996.4,81.0815,239389.0,1111347.0,-61339.0,15.705,13725.0,1377.7,7505.5
2008-02-01,212.687,182.7,4.9,138326.0,101.7671,371833.0,1103.0,1014.0,12264.9,9981.7,80.8357,235037.0,1096648.0,-64225.0,15.491,13696.0,1380.4,7590.6
2008-03-01,213.448,187.9,5.1,138256.0,101.4355,372745.0,1005.0,967.0,12314.7,10035.3,80.6256,234868.0,1103446.0,-60200.0,15.114,13659.0,1388.7,7656.2
2008-04-01,213.942,190.9,5.0,138037.0,100.7424,372572.0,1013.0,1008.0,12302.6,10070.3,80.1238,231086.0,1101252.0,-63733.0,14.605,13599.0,1391.4,7699.2
2008-05-01,215.208,196.6,5.4,137847.0,100.132,376036.0,973.0,995.0,12879.3,10132.3,79.6718,227370.0,1101547.0,-62310.0,14.697,13564.0,1393.4,7711.2
2008-06-01,217.463,200.5,5.6,137689.0,99.8651,376455.0,1046.0,1180.0,12661.0,10187.1,79.4693,229262.0,1090098.0,-60889.0,14.377,13504.0,1404.6,7728.9
2008-07-01,219.016,205.5,5.8,137492.0,99.4214,375038.0,923.0,921.0,12514.8,10185.1,79.095,220411.0,1086952.0,-66989.0,13.006,13430.0,1421.1,7775.4
2008-08-01,218.69,199.0,6.1,137209.0,97.8448,372284.0,844.0,858.0,12426.0,10175.7,77.7872,214106.0,1070075.0,-62394.0,14.119,13358.0,1407.4,7790.2
2008-09-01,218.877,196.9,6.1,136759.0,93.559,366729.0,820.0,797.0,12445.0,10116.4,74.3062,215245.0,1059579.0,-60292.0,12.961,13275.0,1462.0,7859.5
2008-10-01,216.995,186.4,6.5,136294.0,94.4956,352950.0,777.0,736.0,12446.5,10034.1,74.9571,191912.0,1055959.0,-60879.0,10.933,13147.0,1473.8,7965.3
2008-11-01,213.153,176.8,6.8,135546.0,93.2689,339350.0,652.0,626.0,12387.1,9885.2,73.8807,181552.0,1035033.0,-45132.0,10.526,13034.0,1514.6,8015.8
2008-12-01,211.398,170.9,7.3,134848.0,90.628,332091.0,560.0,554.0,12238.5,9801.5,71.6823,173849.0,999139.0,-43967.0,10.383,12850.0,1601.7,8192.1
2009-01-01,211.933,171.2,7.8,134066.0,88.3811,336929.0,490.0,545.0,12125.6,9847.2,69.7982,151085.0,975099.0,-39343.0,9.786,12561.0,1582.8,8273.7
2009-02-01,212.705,169.3,8.3,133314.0,87.8412,335576.0,582.0,558.0,12007.4,9824.5,69.2778,148834.0,971708.0,-28778.0,9.223,12380.0,1567.2,8303.1
2009-03-01,212.495,168.1,8.7,132494.0,86.4794,329747.0,505.0,513.0,11965.3,9773.2,68.12,146323.0,963793.0,-30193.0,9.748,12208.0,1578.9,8369.3
2009-04-01,212.709,169.1,9.0,131825.0,85.7883,331352.0,478.0,521.0,12009.4,9772.5,67.5007,147467.0,932482.0,-30473.0,9.379,12030.0,1611.6,8372.9
2009-05-01,213.022,170.8,9.4,131470.0,84.9516,334256.0,540.0,556.0,12179.6,9791.6,66.7873,149255.0,920020.0,-25839.0,10.176,11862.0,1617.5,8430.7
2009-06-01,214.79,174.1,9.5,131003.0,84.6928,339883.0,585.0,601.0,12042.9,9852.4,66.5532,147033.0,912530.0,-27152.0,10.149,11726.0,1658.8,8440.5
2009-07-01,214.726,172.5,9.5,130661.0,85.7044,340517.0,594.0,595.0,11998.4,9886.3,67.3455,153691.0,911438.0,-33307.0,11.566,11668.0,1662.5,8445.1
2009-08-01,215.445,175.0,9.6,130480.0,86.6617,346668.0,586.0,616.0,12011.2,10004.1,68.1236,157489.0,900112.0,-31674.0,14.754,11626.0,1660.0,8445.0
2009-09-01,215.861,174.1,9.8,130241.0,87.4033,338507.0,585.0,609.0,12061.1,9927.8,68.7596,158041.0,887241.0,-35247.0,9.535,11591.0,1664.9,8444.2
2009-10-01,216.509,175.2,10.0,130061.0,87.6035,341654.0,534.0,583.0,12069.4,9976.7,68.9939,161097.0,871391.0,-34959.0,10.576,11538.0,1677.7,8471.1
2009-11-01,217.234,177.4,9.9,130059.0,87.9559,344375.0,588.0,623.0,12129.6,9985.7,69.3689,160419.0,858493.0,-38381.0,11.041,11509.0,1683.0,8500.8
2009-12-01,217.347,178.1,9.9,129807.0,88.2468,346072.0,581.0,664.0,12188.2,10052.6,69.7136,160520.0,842609.0,-39426.0,11.284,11475.0,1692.8,8496.0
2010-01-01,217.488,181.9,9.8,129795.0,89.1911,345889.0,614.0,636.0,12267.7,10056.1,70.5918,181016.0,822114.0,-37744.0,10.893,11460.0,1674.7,8458.1
2010-02-01,217.281,181.0,9.8,129702.0,89.4972,346724.0,604.0,650.0,12267.6,10093.4,70.9754,180450.0,814885.0,-41504.0,10.315,11453.0,1699.8,8507.4
2010-03-01,217.353,183.3,9.9,129865.0,90.1419,354119.0,636.0,687.0,12330.9,10156.0,71.6373,182148.0,821849.0,-40271.0,11.772,11453.0,1711.9,8504.5
2010-04-01,217.403,184.4,9.9,130115.0,90.4591,357354.0,687.0,637.0,12441.8,10182.3,72.0473,182948.0,829664.0,-41496.0,11.454,11489.0,1699.0,8535.2
2010-05-01,217.29,184.8,9.6,130645.0,91.702,354068.0,583.0,575.0,12543.7,10210.8,73.1966,189932.0,823447.0,-42088.0,12.03,11525.0,1710.1,8589.9
2010-06-01,217.199,183.5,9.4,130501.0,91.8997,353647.0,536.0,587.0,12550.7,10231.3,73.5082,185667.0,821943.0,-47316.0,11.598,11545.0,1731.6,8609.0
2010-07-01,217.605,184.1,9.4,130420.0,92.2522,354717.0,546.0,579.0,12588.7,10268.1,73.9324,187506.0,799694.0,-41609.0,11.948,11561.0,1724.0,8618.8
2010-08-01,217.923,184.9,9.5,130423.0,92.5899,356448.0,599.0,580.0,12652.9,10307.1,74.331,191745.0,802030.0,-45619.0,12.014,11553.0,1748.7,8669.1
2010-09-01,218.275,184.9,9.5,130340.0,92.8564,359359.0,594.0,563.0,12673.4,10327.1,74.6547,201932.0,807728.0,-44333.0,11.922,11563.0,1766.2,8700.1
2010-10-01,219.035,186.6,9.4,130620.0,92.6037,363469.0,543.0,558.0,12723.6,10386.4,74.5429,193066.0,801372.0,-40646.0,12.414,11562.0,1780.4,8749.4
2010-11-01,219.59,187.7,9.8,130754.0,92.6773,367051.0,545.0,560.0,12765.5,10433.6,74.6746,197202.0,804151.0,-38739.0,12.3,11585.0,1828.4,8770.0
2010-12-01,220.472,189.7,9.3,130836.0,93.5851,369139.0,539.0,632.0,12873.1,10471.0,75.4597,193452.0,789395.0,-41721.0,12.605,11595.0,1836.7,8801.8
2011-01-01,221.187,192.7,9.1,130839.0,93.3944,371841.0,630.0,576.0,13080.7,10514.3,75.34,203636.0,759964.0,-48123.0,12.806,11621.0,1846.3,8823.1
2011-02-01,221.898,195.8,9.0,131054.0,92.993,375017.0,517.0,542.0,13155.6,10540.6,75.0288,196393.0,758376.0,-44753.0,13.081,11654.0,1870.1,8886.9
2011-03-01,223.046,199.2,9.0,131278.0,93.982,378506.0,600.0,583.0,13178.2,10619.7,75.819,212748.0,769157.0,-44312.0,13.259,11675.0,1896.5,8943.5
2011-04-01,224.093,203.1,9.1,131604.0,93.6525,380335.0,554.0,581.0,13212.8,10652.1,75.5255,200733.0,769437.0,-42685.0,13.326,11704.0,1897.0,9004.9
2011-05-01,224.806,204.1,9.0,131704.0,93.7775,380024.0,561.0,618.0,13239.1,10672.2,75.5784,207170.0,775251.0,-47725.0,12.28,11713.0,1941.6,9075.5
2011-06-01,224.806,203.9,9.1,131936.0,94.0467,383142.0,608.0,636.0,13295.7,10694.8,75.7276,201579.0,794839.0,-49882.0,11.886,11727.0,1963.4,9151.0
2011-07-01,225.395,204.6,9.0,131992.0,94.4931,382837.0,623.0,621.0,13375.8,10731.6,76.0009,206458.0,792381.0,-46070.0,12.72,11746.0,1996.0,9316.6
2011-08-01,226.106,203.2,9.0,132123.0,95.0969,383691.0,585.0,647.0,13400.3,10750.3,76.3842,216705.0,811953.0,-45052.0,12.604,11764.0,2115.4,9507.6
2011-09-01,226.597,203.7,9.0,132346.0,95.0281,387567.0,650.0,610.0,13401.5,10783.2,76.2147,204738.0,813660.0,-43477.0,13.356,11769.0,2120.0,9528.3
2011-10-01,226.75,201.1,8.8,132557.0,95.6924,389853.0,610.0,671.0,13406.4,10802.9,76.6224,210799.0,808378.0,-45509.0,13.73,11780.0,2128.5,9562.1
2011-11-01,227.169,201.4,8.6,132701.0,95.6913,391274.0,711.0,706.0,13419.7,10806.8,76.4885,215531.0,812050.0,-47460.0,13.743,11770.0,2182.0,9612.6
2011-12-01,227.223,199.8,8.5,132902.0,96.1938,391510.0,694.0,697.0,13548.9,10817.8,76.7512,223835.0,821367.0,-49473.0,13.798,11802.0,2165.7,9660.1
2012-01-01,227.842,200.7,8.3,133243.0,96.779,395469.0,723.0,712.0,13631.6,10896.8,77.0743,225940.0,830610.0,-50126.0,14.395,11838.0,2201.8,9733.3
2012-02-01,228.329,201.6,8.3,133521.0,97.0959,400300.0,704.0,738.0,13731.1,10987.2,77.1823,226911.0,824368.0,-42780.0,14.975,11860.0,2207.1,9785.7
2012-03-01,228.807,204.2,8.2,133745.0,96.5919,401569.0,695.0,806.0,13798.5,10993.9,76.6382,221801.0,829288.0,-49749.0,14.594,11898.0,2227.8,9830.6
2012-04-01,229.187,203.7,8.2,133828.0,97.2942,399972.0,753.0,732.0,13868.1,11018.5,77.0523,218681.0,841740.0,-46842.0,14.769,11916.0,2237.3,9884.6
2012-05-01,228.713,201.9,8.2,133935.0,97.4853,399180.0,708.0,796.0,13850.3,11006.8,77.0632,219765.0,850928.0,-45106.0,14.496,11927.0,2256.2,9928.4
2012-06-01,228.524,199.8,8.2,134008.0,97.4959,395595.0,757.0,794.0,13837.1,10989.8,76.9351,217652.0,858009.0,-42941.0,14.467,11936.0,2275.3,9999.3
2012-07-01,228.59,200.1,8.2,134153.0,97.6922,397407.0,740.0,849.0,13752.9,11016.8,76.9584,222748.0,858934.0,-42406.0,14.38,11964.0,2315.0,10051.8
2012-08-01,229.918,202.7,8.1,134329.0,97.3061,402211.0,754.0,840.0,13768.5,11056.0,76.5269,199963.0,862726.0,-44030.0,14.444,11960.0,2354.1,10121.3
2012-09-01,231.015,204.4,7.8,134512.0,97.2383,405357.0,847.0,930.0,13914.1,11105.3,76.3502,217090.0,866588.0,-38794.0,15.099,11954.0,2386.6,10200.8
2012-10-01,231.638,203.5,7.8,134672.0,97.5425,405437.0,915.0,887.0,14049.2,11137.4,76.4688,218522.0,875366.0,-41467.0,14.83,11961.0,2420.1,10267.3
2012-11-01,231.249,201.8,7.7,134831.0,97.934,407308.0,833.0,917.0,14230.7,11178.4,76.6589,217446.0,872052.0,-45332.0,15.456,11950.0,2441.2,10337.6
2012-12-01,231.221,201.5,7.9,135074.0,98.1984,408665.0,976.0,941.0,14581.4,11181.2,76.7539,230814.0,871809.0,-36334.0,15.462,11960.0,2460.7,10459.7
2013-01-01,231.679,202.5,8.0,135263.0,98.2029,412115.0,888.0,940.0,13880.4,11252.4,76.6511,223067.0,862722.0,-40135.0,15.813,11983.0,2476.7,10482.9
2013-02-01,232.937,204.3,7.7,135548.0,98.6733,417013.0,962.0,980.0,13902.0,11290.5,76.9174,234600.0,873583.0,-41004.0,15.861,11996.0,2468.9,10501.3
2013-03-01,232.282,204.0,7.5,135690.0,99.0788,414024.0,1010.0,936.0,13932.2,11290.1,77.1389,217165.0,864510.0,-34314.0,15.721,11999.0,2476.3,10558.3
2013-04-01,231.797,203.5,7.6,135876.0,98.9658,411770.0,835.0,1012.0,13974.9,11281.1,76.9643,226738.0,879728.0,-38487.0,15.811,12000.0,2504.9,10586.3
2013-05-01,231.893,204.1,7.5,136090.0,99.0567,414325.0,930.0,1003.0,14052.5,11321.6,76.9553,236717.0,888752.0,-41701.0,15.884,12000.0,2523.5,10621.0
2013-06-01,232.445,204.3,7.5,136269.0,99.2424,415442.0,839.0,942.0,14083.9,11344.4,77.0265,247187.0,899295.0,-34426.0,16.149,12004.0,2521.0,10678.7
2013-07-01,232.9,204.4,7.3,136391.0,98.9258,418110.0,880.0,997.0,14072.0,11372.6,76.7152,220366.0,917756.0,-36356.0,16.021,11984.0,2542.3,10718.4
2013-08-01,233.456,204.2,7.2,136634.0,99.5059,417377.0,917.0,964.0,14117.3,11406.6,77.1048,224700.0,929061.0,-36617.0,15.827,12014.0,2551.3,10776.6
2013-09-01,233.544,203.9,7.2,136819.0,100.0391,417654.0,850.0,1004.0,14181.7,11445.9,77.461,237681.0,938121.0,-39917.0,15.857,12032.0,2585.5,10837.2
2013-10-01,233.669,202.5,7.2,137039.0,99.9203,419247.0,925.0,1044.0,14152.3,11498.0,77.3148,232113.0,951214.0,-36285.0,15.727,12056.0,2631.2,10961.6
2013-11-01,234.1,201.2,6.9,137312.0,100.1661,420513.0,1100.0,1029.0,14209.6,11562.5,77.4524,243262.0,964122.0,-33983.0,16.079,12079.0,2638.8,10969.7
2013-12-01,234.719,202.0,6.7,137367.0,100.3777,422794.0,1002.0,1005.0,14266.5,11593.2,77.564,237972.0,979211.0,-33636.0,15.835,12083.0,2674.2,11035.0
2014-01-01,235.288,203.8,6.6,137551.0,99.999,419015.0,888.0,976.0,14369.2,11578.8,77.219,224410.0,986587.0,-37433.0,15.614,12081.0,2714.1,11105.7
2014-02-01,235.547,205.7,6.7,137710.0,100.7583,424793.0,944.0,1039.0,14456.4,11636.9,77.7522,231734.0,987538.0,-40119.0,15.993,12106.0,2730.2,11171.2
2014-03-01,236.028,207.0,6.7,137987.0,101.7767,429132.0,970.0,1067.0,14555.0,11722.3,78.4825,235757.0,991157.0,-42940.0,16.985,12120.0,2749.3,11208.1
2014-04-01,236.468,208.3,6.2,138298.0,101.8425,433530.0,1043.0,1090.0,14624.5,11762.3,78.4738,237607.0,1006901.0,-43735.0,16.695,12134.0,2774.2,11253.1
2014-05-01,236.918,208.0,6.3,138500.0,102.2594,434248.0,1007.0,1018.0,14689.5,11807.3,78.731,234339.0,1007147.0,-39575.0,17.137,12146.0,2785.3,11317.9
2014-06-01,237.231,208.3,6.1,138833.0,102.5986,435438.0,911.0,1010.0,14760.1,11861.7,78.9229,238210.0,1006424.0,-38895.0,17.516,12170.0,2817.2,11373.5
2014-07-01,237.498,208.0,6.2,139076.0,102.8163,436150.0,1085.0,1076.0,14821.1,11904.4,79.0163,299869.0,1014935.0,-38935.0,17.277,12189.0,2837.3,11427.4
2014-08-01,237.46,207.0,6.1,139257.0,102.6562,439518.0,984.0,1047.0,14894.2,11983.7,78.8163,236049.0,1015096.0,-36935.0,17.239,12208.0,2787.0,11451.9
2014-09-01,237.477,206.4,5.9,139564.0,102.9776,438459.0,1023.0,1077.0,14951.2,11991.4,78.9895,236278.0,1021890.0,-41672.0,16.959,12226.0,2861.2,11493.7
2014-10-01,237.43,203.4,5.7,139804.0,102.9892,440095.0,1074.0,1094.0,15022.7,12064.7,78.9292,233042.0,1046402.0,-41067.0,16.756,12259.0,2880.4,11568.1
2014-11-01,236.983,200.9,5.8,140088.0,103.6402,441249.0,1001.0,1059.0,15094.0,12083.9,79.3647,227299.0,1044893.0,-39808.0,16.949,12284.0,2888.2,11608.8
2014-12-01,236.252,197.0,5.6,140366.0,103.6345,438509.0,1073.0,1072.0,15170.9,12096.1,79.304,225089.0,1056429.0,-42838.0,17.178,12292.0,2955.8,11692.0
2015-01-01,234.747,192.0,5.7,140562.0,102.8239,436125.0,1085.0,1049.0,15230.8,12066.7,78.6338,226500.0,1061241.0,-38865.0,16.91,12292.0,2952.9,11764.6
2015-02-01,235.342,191.1,5.5,140831.0,102.1513,435450.0,886.0,1127.0,15313.3,12116.6,78.0854,217853.0,1072895.0,-33903.0,16.891,12301.0,3009.9,11870.8
2015-03-01,235.976,191.5,5.4,140925.0,101.824,441895.0,960.0,1072.0,15314.2,12176.1,77.8104,229820.0,1086748.0,-48732.0,17.896,12312.0,2996.8,11883.6
2015-04-01,236.222,190.9,5.4,141202.0,101.244,442967.0,1190.0,1166.0,15373.5,12209.1,77.3473,226217.0,1115619.0,-39836.0,17.693,12318.0,2999.1,11923.2
2015-05-01,237.001,193.4,5.6,141539.0,100.783,446114.0,1079.0,1272.0,15442.7,12275.4,76.9844,217855.0,1135433.0,-38502.0,17.929,12333.0,2978.6,11954.4
2015-06-01,237.657,194.8,5.3,141695.0,100.4781,446572.0,1205.0,1379.0,15479.0,12307.9,76.7496,229732.0,1158193.0,-42425.0,17.889,12334.0,3013.4,12000.5
2015-07-01,238.034,193.9,5.2,141989.0,101.1052,450143.0,1146.0,1140.0,15518.6,12364.9,77.2342,227727.0,1154561.0,-40340.0,18.318,12349.0,3034.4,12049.9
2015-08-01,238.033,191.9,5.1,142130.0,100.9442,450168.0,1130.0,1165.0,15550.5,12396.2,77.1213,222828.0,1164377.0,-44205.0,18.391,12345.0,3017.6,12100.2
2015-09-01,237.498,189.1,5.0,142265.0,100.6507,448090.0,1224.0,1144.0,15570.5,12386.4,76.9102,217818.0,1163937.0,-41641.0,18.281,12354.0,3044.8,12160.7
2015-10-01,237.733,187.5,5.0,142584.0,100.1871,446905.0,1058.0,1160.0,15608.0,12394.9,76.5691,226413.0,1151533.0,-40873.0,18.27,12362.0,3026.1,12200.8
2015-11-01,238.017,185.7,5.1,142810.0,99.4382,448738.0,1172.0,1244.0,15615.4,12423.2,76.0077,222400.0,1145510.0,-40451.0,18.314,12357.0,3083.4,12289.8
2015-12-01,237.761,183.5,5.0,143083.0,98.939,450598.0,1146.0,1211.0,15668.4,12452.0,75.6338,218027.0,1156354.0,-41003.0,17.503,12362.0,3104.1,12350.6
2016-01-01,237.652,182.6,4.8,143196.0,99.4558,447376.0,1092.0,1171.0,15695.5,12478.0,76.0323,229203.0,1160988.0,-40044.0,18.054,12383.0,3103.4,12480.0
2016-02-01,237.336,181.3,4.9,143411.0,98.9136,451898.0,1225.0,1172.0,15695.9,12554.5,75.6159,217223.0,1172851.0,-43306.0,18.096,12365.0,3131.6,12546.7
2016-03-01,238.08,182.1,5.0,143666.0,98.1907,450462.0,1111.0,1118.0,15731.6,12537.0,75.0559,218868.0,1188776.0,-36801.0,17.291,12342.0,3152.8,12609.3
2016-04-01,238.992,183.2,5.1,143856.0,98.4669,452238.0,1163.0,1160.0,15758.9,12611.5,75.2543,230281.0,1185902.0,-38048.0,17.669,12353.0,3197.7,12692.8
2016-05-01,239.557,185.3,4.8,143901.0,98.2518,453898.0,1148.0,1205.0,15777.2,12652.7,75.0727,222761.0,1190685.0,-39032.0,17.695,12332.0,3236.5,12763.3
2016-06-01,240.222,187.6,4.9,144152.0,98.7275,458711.0,1203.0,1208.0,15821.4,12731.2,75.4151,207430.0,1217604.0,-41719.0,17.735,12350.0,3242.4,12828.7
2016-07-01,240.101,187.7,4.8,144515.0,98.836,457894.0,1239.0,1198.0,15891.5,12756.7,75.4735,215715.0,1214532.0,-39931.0,18.109,12372.0,3241.7,12889.6
2016-08-01,240.545,186.6,4.9,144664.0,98.7554,458375.0,1171.0,1201.0,15931.3,12788.1,75.3862,218051.0,1221250.0,-40146.0,17.927,12348.0,3312.7,12976.2
2016-09-01,241.176,186.9,5.0,144961.0,98.6596,461400.0,1068.0,1303.0,15999.1,12846.6,75.2897,216921.0,1232438.0,-37004.0,17.956,12347.0,3326.7,13039.1
2016-10-01,241.741,186.7,4.9,145069.0,98.7322,462362.0,1313.0,1254.0,16059.4,12867.0,75.3271,233645.0,1241100.0,-38555.0,17.954,12345.0,3338.5,13109.2
2016-11-01,242.026,186.3,4.7,145188.0,98.3452,462231.0,1140.0,1230.0,16107.6,12893.0,75.0219,215307.0,1264881.0,-43896.0,17.792,12342.0,3354.4,13179.7
2016-12-01,242.637,188.2,4.7,145410.0,99.0314,467852.0,1252.0,1248.0,16182.5,13005.9,75.5453,219170.0,1270443.0,-40976.0,18.277,12355.0,3345.1,13212.5
2017-01-01,243.618,190.7,4.7,145636.0,98.7987,473019.0,1190.0,1303.0,16293.3,13063.7,75.3784,219738.0,1254583.0,-43556.0,17.652,12366.0,3393.2,13283.5
2017-02-01,244.006,191.6,4.6,145848.0,98.4322,472945.0,1271.0,1234.0,16363.5,13088.4,75.1225,221923.0,1275911.0,-39785.0,17.699,12380.0,3403.1,13348.1
2017-03-01,243.892,191.5,4.4,145976.0,99.0663,472149.0,1190.0,1272.0,16415.1,13139.9,75.6429,223132.0,1272724.0,-41124.0,17.061,12393.0,3451.3,13416.7
2017-04-01,244.193,193.0,4.4,146173.0,100.0082,473986.0,1146.0,1251.0,16476.0,13169.2,76.4106,225070.0,1269079.0,-44227.0,17.166,12400.0,3450.4,13477.4
2017-05-01,244.004,192.8,4.4,146389.0,100.1286,471630.0,1157.0,1208.0,16573.2,13171.9,76.5629,222436.0,1282926.0,-43985.0,17.081,12409.0,3516.2,13535.7
2017-06-01,244.163,193.6,4.3,146588.0,100.3233,473546.0,1249.0,1353.0,16604.0,13225.2,76.7832,236645.0,1277352.0,-42579.0,17.13,12422.0,3525.3,13559.5
2017-07-01,244.243,193.5,4.3,146772.0,100.0947,473552.0,1206.0,1256.0,16665.9,13263.3,76.6891,217820.0,1275888.0,-43854.0,17.237,12423.0,3547.3,13623.5
2017-08-01,245.183,193.8,4.4,146907.0,99.6642,474449.0,1159.0,1319.0,16733.7,13294.6,76.4472,222295.0,1274974.0,-41391.0,17.051,12467.0,3586.5,13682.0
2017-09-01,246.435,194.8,4.3,146999.0,99.7686,484163.0,1181.0,1273.0,16841.9,13417.3,76.6181,228172.0,1281172.0,-41593.0,18.313,12477.0,3570.5,13727.4
2017-10-01,246.626,194.9,4.2,147146.0,100.9981,484848.0,1257.0,1356.0,16930.8,13447.5,77.654,228049.0,1283266.0,-42848.0,18.482,12490.0,3607.8,13781.6
2017-11-01,247.284,195.9,4.2,147375.0,101.2597,490013.0,1273.0,1299.0,16997.5,13540.6,77.9439,229799.0,1308896.0,-45463.0,18.003,12505.0,3629.4,13807.6
2017-12-01,247.805,196.3,4.1,147521.0,101.4573,492579.0,1177.0,1311.0,17058.2,13666.1,78.1791,240218.0,1313666.0,-46535.0,17.887,12533.0,3613.3,13853.0
2018-01-01,248.859,197.9,4.0,147667.0,101.3939,490426.0,1299.0,1317.0,17141.7,13703.3,78.206,227080.0,1336469.0,-47072.0,17.176,12561.0,3651.1,13861.8
2018-02-01,249.529,199.3,4.1,148054.0,101.7656,493334.0,1277.0,1321.0,17204.1,13738.7,78.5556,235442.0,1355105.0,-48793.0,17.447,12584.0,3614.4,13899.4
2018-03-01,249.577,199.3,4.0,148280.0,102.2441,493022.0,1318.0,1385.0,17268.2,13793.2,78.976,243135.0,1344968.0,-43508.0,17.662,12610.0,3664.5,13958.0
2018-04-01,250.227,200.3,4.0,148426.0,103.3468,494498.0,1276.0,1378.0,17328.7,13838.4,79.8677,242184.0,1355101.0,-46129.0,17.584,12631.0,3656.6,13980.7
2018-05-01,250.792,203.2,3.8,148755.0,102.3911,500930.0,1357.0,1338.0,17404.4,13905.0,79.1543,241312.0,1362364.0,-41421.0,17.829,12657.0,3654.0,14046.2
2018-06-01,251.018,204.2,4.0,148968.0,103.1924,499218.0,1192.0,1345.0,17488.4,13930.4,79.7837,240396.0,1343214.0,-44811.0,17.743,12691.0,3655.6,14107.1
2018-07-01,251.214,204.3,3.8,149023.0,103.3334,502255.0,1208.0,1334.0,17587.6,13974.8,79.8874,233263.0,1336631.0,-49673.0,17.629,12711.0,3681.5,14145.3
2018-08-01,251.663,203.4,3.8,149274.0,104.0807,501962.0,1288.0,1273.0,17664.0,14014.0,80.4472,243656.0,1340449.0,-49558.0,17.564,12725.0,3695.0,14193.2
2018-09-01,252.182,203.6,3.7,149361.0,104.1181,500033.0,1250.0,1314.0,17693.5,14017.8,80.4471,244691.0,1326111.0,-50563.0,17.776,12744.0,3702.2,14224.6
2018-10-01,252.772,204.6,3.8,149525.0,103.9397,505622.0,1221.0,1272.0,17749.8,14083.1,80.2713,236072.0,1310946.0,-52453.0,17.991,12767.0,3726.1,14234.7
2018-11-01,252.594,202.3,3.8,149622.0,104.0007,507278.0,1181.0,1340.0,17795.7,14162.9,80.2728,232640.0,1300694.0,-49401.0,18.061,12777.0,3704.2,14245.0
2018-12-01,252.767,201.0,3.9,149804.0,103.9946,496973.0,1095.0,1317.0,18012.4,14051.6,80.2161,239442.0,1289930.0,-55212.0,18.077,12796.0,3764.3,14355.3
2019-01-01,252.561,199.1,4.0,150062.0,103.373,500208.0,1226.0,1261.0,18053.9,14088.4,79.6792,232853.0,1296049.0,-48915.0,16.91,12828.0,3744.4,14417.1
2019-02-01,253.319,199.2,3.8,150067.0,102.8292,500928.0,1121.0,1287.0,18151.4,14115.5,79.2011,227669.0,1312040.0,-47615.0,16.945,12818.0,3751.2,14454.4
2019-03-01,254.277,200.8,3.8,150294.0,102.8286,508944.0,1191.0,1305.0,18229.5,14240.1,79.1387,237072.0,1322532.0,-48097.0,17.732,12825.0,3735.0,14496.7
2019-04-01,255.233,202.1,3.7,150602.0,102.2481,509564.0,1272.0,1311.0,18262.1,14278.3,78.626,228770.0,1353657.0,-49592.0,16.868,12822.0,3779.3,14531.0
2019-05-01,255.296,201.7,3.6,150640.0,102.4192,512930.0,1293.0,1347.0,18277.0,14340.8,78.6889,220441.0,1364421.0,-50844.0,18.027,12818.0,3788.0,14643.4
2019-06-01,255.213,200.3,3.6,150844.0,102.4893,513716.0,1243.0,1315.0,18310.5,14391.2,78.6717,219395.0,1383309.0,-48568.0,17.815,12824.0,3832.1,14765.4
2019-07-01,255.802,200.7,3.7,150934.0,102.0236,518274.0,1240.0,1352.0,18328.6,14471.8,78.2415,224705.0,1410749.0,-48460.0,17.731,12827.0,3865.0,14847.2
2019-08-01,256.036,199.2,3.6,151155.0,102.7754,521348.0,1375.0,1489.0,18423.6,14525.7,78.7426,226911.0,1426091.0,-48773.0,17.859,12826.0,3862.0,14928.8
2019-09-01,256.43,198.4,3.5,151358.0,102.5315,518188.0,1311.0,1474.0,18474.4,14555.6,78.4845,221398.0,1438119.0,-44479.0,17.746,12825.0,3901.2,15019.9
2019-10-01,257.155,198.6,3.6,151458.0,101.6022,519795.0,1325.0,1525.0,18549.5,14584.0,77.7075,221854.0,1442150.0,-41277.0,17.087,12771.0,3931.6,15154.5
2019-11-01,257.879,199.0,3.6,151666.0,102.148,523120.0,1353.0,1527.0,18630.7,14678.6,78.0665,213862.0,1463036.0,-38833.0,17.594,12816.0,3952.8,15252.6
2019-12-01,258.63,199.0,3.6,151792.0,101.884,524954.0,1548.0,1451.0,18583.8,14741.3,77.8163,216524.0,1466415.0,-43943.0,17.551,12798.0,4008.4,15313.7
2020-01-01,258.906,199.3,3.6,152045.0,101.3768,525411.0,1578.0,1507.0,18821.5,14815.7,77.3913,229093.0,1494117.0,-43782.0,16.841,12785.0,3977.6,15380.6
2020-02-01,259.246,196.7,3.5,152309.0,101.633,525380.0,1537.0,1442.0,18925.6,14810.7,77.5663,236175.0,1501790.0,-40872.0,17.026,12780.0,3979.6,15432.3
2020-03-01,258.15,193.1,4.4,150898.0,97.6672,477676.0,1252.0,1358.0,18577.4,13793.0,74.5352,201235.0,1506335.0,-43724.0,11.736,12721.0,4260.9,15962.0
2020-04-01,256.126,185.5,14.8,130421.0,84.5979,408312.0,931.0,1066.0,20750.9,12228.3,64.5714,161041.0,1460471.0,-53116.0,8.834,11419.0,4788.8,16983.9
2020-05-01,255.848,188.6,13.2,133040.0,85.9732,484978.0,1053.0,1260.0,19877.2,13251.4,65.6487,180205.0,1452086.0,-54932.0,12.549,11652.0,16245.5,17850.9
2020-06-01,257.004,191.2,11.0,137655.0,91.5625,526970.0,1254.0,1338.0,19920.9,14027.1,69.9664,196254.0,1459188.0,-49402.0,13.545,11982.0,16574.1,18142.8
2020-07-01,258.408,193.0,10.2,139240.0,95.0144,535644.0,1523.0,1546.0,20191.5,14285.1,72.6784,218792.0,1470971.0,-59746.0,15.279,12019.0,16774.5,18293.3
2020-08-01,259.366,194.3,8.4,140774.0,95.8881,540423.0,1401.0,1529.0,19594.2,14428.4,73.4452,223081.0,1489640.0,-62136.0,15.868,12047.0,16898.8,18365.2
2020-09-01,259.951,195.5,7.8,141820.0,95.8444,551131.0,1463.0,1624.0,19744.9,14655.0,73.5298,223838.0,1510182.0,-58182.0,16.77,12102.0,17170.5,18591.4
2020-10-01,260.249,196.5,6.8,142493.0,96.4292,549271.0,1543.0,1613.0,19758.5,14702.5,74.1142,231044.0,1534900.0,-61075.0,16.663,12124.0,17365.7,18743.5
2020-11-01,260.895,198.3,6.7,142761.0,96.8564,544421.0,1553.0,1714.0,19610.4,14675.8,74.5927,231610.0,1550976.0,-64703.0,16.405,12154.0,17612.9,18959.3
2020-12-01,262.005,200.5,6.7,142518.0,97.9754,549300.0,1635.0,1744.0,19775.2,14801.8,75.6169,234080.0,1572760.0,-62022.0,17.052,12194.0,17803.1,19097.4
2021-01-01,262.518,204.8,6.4,142916.0,98.7836,570510.0,1639.0,1883.0,21760.9,15047.3,76.4136,245054.0,1606561.0,-62779.0,16.629,12188.0,18063.0,19323.0
2021-02-01,263.583,210.6,6.2,143443.0,95.3744,555489.0,1407.0,1715.0,20254.0,14948.2,73.9408,246694.0,1585044.0,-66399.0,16.076,12217.0,18322.4,19559.8
2021-03-01,264.91,215.0,6.1,144274.0,98.1351,616348.0,1668.0,1732.0,24471.8,15657.6,76.2498,249140.0,1613045.0,-66105.0,18.287,12272.0,18595.7,19799.3
2021-04-01,266.752,217.9,6.1,144593.0,98.2886,622705.0,1492.0,1738.0,21304.2,15854.1,76.5375,247400.0,1615638.0,-66529.0,18.502,12232.0,18946.1,20125.1
2021-05-01,268.452,224.9,5.8,145044.0,99.1508,615543.0,1607.0,1681.0,20899.7,15890.0,77.3697,248259.0,1628281.0,-66621.0,17.567,12264.0,19266.3,20429.4
2021-06-01,270.664,228.9,5.9,145822.0,99.5096,622125.0,1638.0,1657.0,20934.3,16108.5,77.7972,249305.0,1639779.0,-71488.0,15.996,12285.0,19327.2,20473.1
2021-07-01,271.994,231.85,5.4,146761.0,100.1231,612647.0,1600.0,1652.0,21156.5,16150.8,78.4064,253770.0,1658346.0,-69951.0,15.306,12353.0,19494.0,20624.9
2021-08-01,272.789,233.415,5.1,147226.0,100.1255,616892.0,1595.0,1770.0,21207.3,16305.6,78.5176,260230.0,1666756.0,-73215.0,13.749,12401.0,19720.9,20835.7
2021-09-01,273.887,235.678,4.7,147706.0,99.0614,620529.0,1563.0,1625.0,21051.2,16398.9,77.7675,251271.0,1667332.0,-77095.0,12.747,12439.0,19863.2,20965.7
2021-10-01,276.434,240.465,4.5,148566.0,100.3045,630562.0,1587.0,1719.0,21201.4,16613.8,78.8064,257877.0,1685243.0,-66942.0,13.25,12497.0,20057.2,21146.3
2021-11-01,278.799,243.287,4.1,149197.0,101.1971,637775.0,1704.0,1766.0,21297.7,16741.6,79.5489,263631.0,1726586.0,-80153.0,13.553,12534.0,20246.8,21320.5
2021-12-01,280.808,241.338,3.9,149763.0,100.886,632515.0,1757.0,1913.0,21352.9,16799.2,79.3243,266894.0,1754426.0,-80792.0,13.244,12575.0,20436.2,21500.5
2022-01-01,282.39,246.453,4.0,150014.0,101.0227,644034.0,1712.0,1915.0,21294.8,16888.6,79.4322,274707.0,1796460.0,-85565.0,14.798,12602.0,20500.5,21559.0
2022-02-01,284.535,252.66,3.8,150876.0,101.6766,650522.0,1742.0,1860.0,21426.2,16999.7,79.9253,271418.0,1823728.0,-87070.0,14.109,12649.0,20578.3,21615.2
2022-03-01,287.553,260.014,3.6,151370.0,102.478,664167.0,1678.0,1879.0,21510.5,17203.6,80.5162,271005.0,1849637.0,-101914.0,14.049,12717.0,20691.2,21721.1
2022-04-01,288.764,265.31,3.7,151642.0,102.7953,673245.0,1828.0,1835.0,21581.3,17310.5,80.7112,272987.0,1882753.0,-85376.0,14.486,12768.0,20708.3,21722.2
2022-05-01,291.359,273.251,3.6,151928.0,102.7769,671040.0,1540.0,1712.0,21657.1,17384.8,80.6275,271508.0,1880896.0,-84255.0,13.4,12787.0,20676.4,21691.3
2022-06-01,294.996,280.251,3.6,152348.0,102.6863,675702.0,1542.0,1745.0,21740.7,17550.0,80.4742,272166.0,1873184.0,-81215.0,13.748,12817.0,20606.7,21650.4
2022-07-01,294.977,272.274,3.5,153038.0,103.1328,671067.0,1392.0,1719.0,21910.5,17556.4,80.7318,276260.0,1869262.0,-71040.0,13.965,12852.0,20540.7,21642.9
2022-08-01,295.209,269.546,3.6,153281.0,103.2344,675107.0,1520.0,1542.0,22024.3,17692.2,80.7118,276622.0,1847285.0,-68522.0,14.01,12882.0,20456.5,21618.9
2022-09-01,296.341,267.898,3.5,153536.0,103.5283,673312.0,1470.0,1613.0,22121.5,17804.0,80.8369,271946.0,1836930.0,-71217.0,14.191,12899.0,20304.1,21539.1
2022-10-01,297.863,265.061,3.6,153897.0,103.4114,681748.0,1440.0,1560.0,22242.2,17915.1,80.6377,279629.0,1830477.0,-75266.0,15.157,12930.0,20142.0,21471.5
2022-11-01,298.648,263.157,3.6,154155.0,103.0707,673674.0,1420.0,1402.0,22267.7,17892.5,80.2626,273100.0,1842206.0,-62561.0,14.785,12935.0,19972.8,21405.1
2022-12-01,298.812,257.897,3.5,154291.0,101.4848,666734.0,1340.0,1400.0,22312.3,17943.6,78.9195,278589.0,1840896.0,-70762.0,14.048,12934.0,19765.0,21309.2
2023-01-01,300.356,260.227,3.4,154773.0,102.5478,693826.0,1361.0,1443.0,22525.3,18229.6,79.6374,280844.0,1882199.0,-69960.0,15.606,12942.0,19553.9,21222.7
2023-02-01,301.509,258.669,3.6,155060.0,102.5671,686434.0,1404.0,1620.0,22648.4,18296.5,79.5454,274314.0,1889562.0,-70521.0,15.38,12940.0,19362.8,21150.5
2023-03-01,301.744,257.062,3.5,155206.0,102.6592,679067.0,1342.0,1493.0,22757.9,18282.6,79.5118,280718.0,1901401.0,-60321.0,15.439,12932.0,18968.8,20902.7
2023-04-01,303.032,256.908,3.4,155484.0,103.1512,684397.0,1368.0,1470.0,22806.1,18363.8,79.79,286759.0,1907837.0,-72756.0,16.209,12941.0,18647.1,20744.8
2023-05-01,303.365,253.67,3.7,155787.0,102.924,685771.0,1583.0,1532.0,22876.6,18407.8,79.5144,287293.0,1946733.0,-66066.0,16.083,12936.0,18596.4,20837.5
2023-06-01,304.003,253.86,3.6,156027.0,102.3002,686757.0,1415.0,1493.0,22921.4,18485.4,78.9361,294857.0,1956226.0,-64806.0,16.607,12945.0,18485.7,20820.3
2023-07-01,304.628,253.835,3.5,156211.0,103.19,690408.0,1473.0,1501.0,22986.4,18595.4,79.5299,285827.0,1969005.0,-64607.0,16.443,12939.0,18381.7,20793.2
2023-08-01,306.187,257.68,3.8,156421.0,103.1141,695476.0,1305.0,1578.0,23094.5,18651.6,79.3823,285317.0,2010143.0,-59631.0,15.84,12941.0,18271.6,20765.3
2023-09-01,307.288,258.934,3.8,156667.0,103.2974,701286.0,1363.0,1515.0,23176.2,18791.5,79.4371,290883.0,2017510.0,-62222.0,16.27,12954.0,18151.7,20710.9
2023-10-01,307.531,255.192,3.8,156832.0,102.5683,699977.0,1365.0,1534.0,23189.4,18826.8,78.7929,279021.0,2058903.0,-64333.0,15.919,12923.0,18070.1,20691.7
2023-11-01,308.024,252.856,3.7,157014.0,102.9049,700707.0,1510.0,1508.0,23241.5,18903.0,78.9696,300639.0,2082923.0,-64754.0,16.016,12948.0,18009.1,20705.2
2023-12-01,308.742,249.866,3.7,157304.0,102.5743,703256.0,1568.0,1530.0,23311.6,19013.7,78.6358,287397.0,2101042.0,-64915.0,16.574,12960.0,18012.3,20754.0
2024-01-01,309.685,251.245,3.7,157560.0,101.7987,695631.0,1376.0,1508.0,23565.1,19032.7,77.9346,276538.0,2087508.0,-66929.0,15.396,12966.0,17976.9,20754.2
2024-02-01,311.054,254.84,3.9,157796.0,102.6317,700519.0,1546.0,1563.0,23632.3,19158.4,78.4842,279865.0,2105541.0,-69006.0,16.098,12957.0,17935.2,20748.6
2024-03-01,312.23,254.995,3.8,158106.0,102.7562,705057.0,1287.0,1485.0,23758.5,19301.5,78.4879,282096.0,2101511.0,-68582.0,15.932,12951.0,17997.6,20841.5
2024-04-01,313.207,257.234,3.9,158271.0,102.7623,705180.0,1360.0,1440.0,23823.7,19340.6,78.397,283925.0,2099039.0,-74558.0,16.295,12957.0,17987.1,20867.3
